-- Import des églises de Cotonou dans la table infrastructures
-- Type: eglise (autorisé après mise à jour contrainte CHECK)

INSERT INTO public.infrastructures
  (nom, type, description, localisation, photos, horaires, equipements, contact, etat, niveau_frequentation, valide)
VALUES
  (
    'Eglise EEDSC Vedoko',
    'eglise',
    'Lieu de culte - Église',
    '{"type":"Point","coordinates":[2.0512,6.4969],"adresse":"99GV+JMP, Cotonou","quartier":"Vedoko","commune":"Cotonou"}',
    '[]',
    '{"jeudi":"08:00-22:00","vendredi":"08:00-22:00","samedi":"08:00-22:00","dimanche":"08:00-22:00","lundi":"08:00-22:00","mardi":"08:00-22:00","mercredi":"08:00-22:00"}',
    '[]',
    '{"telephone":"95157782"}',
    'bon',
    'moyen',
    true
  ),
  (
    'Paroisse Bon Pasteur de Cadjèhoun',
    'eglise',
    'Lieu de culte - Paroisse',
    '{"type":"Point","coordinates":[2.0462,6.4935],"adresse":"994X+RGF, Rte de Lomé, Cotonou","quartier":"Cadjèhoun","commune":"Cotonou"}',
    '[]',
    '{"jeudi":"08:00-18:00","vendredi":"08:00-18:00","samedi":"08:00-18:00","dimanche":"08:00-18:00","lundi":"08:00-18:00","mardi":"08:00-18:00","mercredi":"08:00-18:00"}',
    '[]',
    '{"telephone":"21301512"}',
    'bon',
    'moyen',
    true
  ),
  (
    'Paroisse Saint Pierre et Saint Paul',
    'eglise',
    'Lieu de culte - Paroisse',
    '{"type":"Point","coordinates":[2.0498,6.4952],"adresse":"99HG+R7W, Cotonou","quartier":"","commune":"Cotonou"}',
    '[]',
    '{"jeudi":"07:00-18:00","vendredi":"07:00-18:00","samedi":"07:00-18:00","dimanche":"07:00-18:00","lundi":"07:00-18:00","mardi":"07:00-18:00","mercredi":"07:00-18:00"}',
    '[]',
    '{"telephone":"96886766"}',
    'bon',
    'moyen',
    true
  ),
  (
    'Eglise Catholique Sainte Cécile',
    'eglise',
    'Lieu de culte - Église',
    '{"type":"Point","coordinates":[2.0618,6.4890],"adresse":"9CPF+G75, Rue 667, Cotonou","quartier":"","commune":"Cotonou"}',
    '[]',
    '{}',
    '[]',
    '{"telephone":"97083603"}',
    'bon',
    'moyen',
    true
  ),
  (
    'Eglise catholique St François d''Assise',
    'eglise',
    'Lieu de culte - Église',
    '{"type":"Point","coordinates":[2.0465,6.4915],"adresse":"994C+4FJ, Cotonou","quartier":"","commune":"Cotonou"}',
    '[]',
    '{"jeudi":"06:30-22:00","vendredi":"06:30-22:00","samedi":"06:30-22:00","dimanche":"06:30-22:00","lundi":"06:30-22:00","mardi":"06:30-22:00","mercredi":"06:30-22:00"}',
    '[]',
    '{"telephone":"52396301"}',
    'bon',
    'moyen',
    true
  ),
  (
    'Eglise Catholique St Antoine de Padoue de Zogbo',
    'eglise',
    'Lieu de culte - Église',
    '{"type":"Point","coordinates":[2.0478,6.4975],"adresse":"99VR+H3 Cotonou","quartier":"Zogbo","commune":"Cotonou"}',
    '[]',
    '{}',
    '[]',
    '{}',
    'bon',
    'moyen',
    true
  ),
  (
    'Eglise Notre Dame de la Visitation',
    'eglise',
    'Lieu de culte - Église',
    '{"type":"Point","coordinates":[2.0634,6.4878],"adresse":"9CM6+5MW, Cotonou","quartier":"","commune":"Cotonou"}',
    '[]',
    '{}',
    '[]',
    '{}',
    'bon',
    'moyen',
    true
  ),
  (
    'ECC Paroisse LA JOIE DU CHRIST',
    'eglise',
    'Lieu de culte - Paroisse',
    '{"type":"Point","coordinates":[2.0519,6.4968],"adresse":"99GW+5QX, Cotonou","quartier":"","commune":"Cotonou"}',
    '[]',
    '{"jeudi":"Ouvert 24h/24","vendredi":"Ouvert 24h/24","samedi":"Ouvert 24h/24","dimanche":"Ouvert 24h/24","lundi":"Ouvert 24h/24","mardi":"Ouvert 24h/24","mercredi":"Ouvert 24h/24"}',
    '[]',
    '{"telephone":"53008122"}',
    'bon',
    'moyen',
    true
  ),
  (
    'Eglise Catholique Jésus Eucharistie',
    'eglise',
    'Lieu de culte - Église',
    '{"type":"Point","coordinates":[2.0507,6.4956],"adresse":"99GQ+P2R, Cotonou","quartier":"","commune":"Cotonou"}',
    '[]',
    '{"jeudi":"06:00-20:30","vendredi":"06:00-20:30","samedi":"06:00-20:30","dimanche":"06:00-21:00","lundi":"06:00-20:30","mardi":"06:00-20:30","mercredi":"06:00-20:30"}',
    '[]',
    '{"telephone":"97268741"}',
    'bon',
    'moyen',
    true
  ),
  (
    'Eglise du Christianisme Céleste Paroisse d''Akossombo',
    'eglise',
    'Lieu de culte - Paroisse',
    '{"type":"Point","coordinates":[2.0446,6.5028],"adresse":"99MW+44W, Cotonou","quartier":"Akossombo","commune":"Cotonou"}',
    '[]',
    '{}',
    '[]',
    '{}',
    'bon',
    'moyen',
    true
  ),
  (
    'Eglise Catholique Sainte Antoine de Padoue de Gbodjè',
    'eglise',
    'Lieu de culte - Église',
    '{"type":"Point","coordinates":[2.0418,6.4892],"adresse":"99CR+4F Cotonou","quartier":"Gbodjè","commune":"Cotonou"}',
    '[]',
    '{}',
    '[]',
    '{}',
    'bon',
    'moyen',
    true
  ),
  (
    'Cathédrale Notre-Dame-de-Miséricorde de Cotonou',
    'eglise',
    'Lieu de culte - Cathédrale',
    '{"type":"Point","coordinates":[2.0396,6.4950],"adresse":"9C4Q+GMM, Ave Clozel, Cotonou","quartier":"","commune":"Cotonou"}',
    '[]',
    '{"jeudi":"05:30-22:30","vendredi":"05:30-22:30","samedi":"05:30-22:30","dimanche":"05:30-22:30","lundi":"05:30-22:30","mardi":"05:30-22:30","mercredi":"05:30-22:30"}',
    '[]',
    '{"telephone":"60648871"}',
    'bon',
    'moyen',
    true
  ),
  (
    'Eglise Saint Jean Bosco de kouhounou Sètovi',
    'eglise',
    'Lieu de culte - Église',
    '{"type":"Point","coordinates":[2.0374,6.5065],"adresse":"99JM+586, Rue 2708, Cotonou","quartier":"Sètovi","commune":"Cotonou"}',
    '[]',
    '{}',
    '[]',
    '{"telephone":"96082642"}',
    'bon',
    'moyen',
    true
  );
